timeout,repetition,tool,app,malware,coverage
180,1,droidbot,app-1,True,4.49
180,2,droidbot,app-1,True,4.34
180,3,droidbot,app-1,True,4.49
180,1,droidbot,app-10,False,19.37
180,2,droidbot,app-10,False,25.224999999999998
180,3,droidbot,app-10,False,30.63
180,1,droidbot,app-100,True,11.209999999999999
180,2,droidbot,app-100,True,12.659999999999998
180,3,droidbot,app-100,True,9.219999999999999
180,1,droidbot,app-101,True,17.39
180,2,droidbot,app-101,True,17.39
180,3,droidbot,app-101,True,17.39
180,1,droidbot,app-102,False,33.364999999999995
180,2,droidbot,app-102,False,31.255000000000003
180,3,droidbot,app-102,False,33.655
180,1,droidbot,app-11,True,20.915
180,2,droidbot,app-11,True,23.200000000000003
180,3,droidbot,app-11,True,22.55
180,1,droidbot,app-12,False,15.379999999999999
180,2,droidbot,app-12,True,15.379999999999999
180,3,droidbot,app-12,False,15.379999999999999
180,1,droidbot,app-13,False,29.5
180,2,droidbot,app-13,False,29.5
180,3,droidbot,app-13,True,33.849999999999994
180,1,droidbot,app-14,True,0.0
180,2,droidbot,app-14,True,0.0
180,3,droidbot,app-14,True,0.0
180,1,droidbot,app-15,False,44.16
180,2,droidbot,app-15,False,40.260000000000005
180,3,droidbot,app-15,False,37.015
180,1,droidbot,app-16,True,0.0
180,2,droidbot,app-16,True,0.0
180,3,droidbot,app-16,True,0.0
180,1,droidbot,app-17,True,0.0
180,2,droidbot,app-17,True,0.0
180,3,droidbot,app-17,True,0.0
180,1,droidbot,app-18,True,12.655
180,2,droidbot,app-18,True,25.0
180,3,droidbot,app-18,True,30.695
180,1,droidbot,app-19,True,26.535
180,2,droidbot,app-19,True,23.65
180,3,droidbot,app-19,True,25.575000000000003
180,1,droidbot,app-2,False,31.25
180,2,droidbot,app-2,False,30.0
180,3,droidbot,app-2,False,30.0
180,1,droidbot,app-20,True,44.94
180,2,droidbot,app-20,True,44.94
180,3,droidbot,app-20,True,47.025000000000006
180,1,droidbot,app-21,True,24.79
180,2,droidbot,app-21,True,31.65
180,3,droidbot,app-21,True,34.315
180,1,droidbot,app-22,False,19.43
180,2,droidbot,app-22,False,19.875
180,3,droidbot,app-22,False,19.785
180,1,droidbot,app-23,True,0.0
180,2,droidbot,app-23,True,0.0
180,3,droidbot,app-23,True,0.0
180,1,droidbot,app-24,True,34.785
180,2,droidbot,app-24,True,32.61
180,3,droidbot,app-24,True,47.83
180,1,droidbot,app-26,True,30.15
180,2,droidbot,app-26,True,31.119999999999997
180,3,droidbot,app-26,True,23.479999999999997
180,1,droidbot,app-27,True,36.715
180,2,droidbot,app-27,True,34.91
180,3,droidbot,app-27,True,34.235
180,1,droidbot,app-28,True,24.915
180,2,droidbot,app-28,True,41.865
180,3,droidbot,app-28,True,32.49
180,1,droidbot,app-29,True,3.3600000000000003
180,2,droidbot,app-29,True,2.675
180,3,droidbot,app-29,True,12.475000000000001
180,1,droidbot,app-3,True,7.715
180,2,droidbot,app-3,True,23.424999999999997
180,3,droidbot,app-3,True,23.285
180,1,droidbot,app-30,True,47.06
180,2,droidbot,app-30,True,66.18
180,3,droidbot,app-30,True,66.18
180,1,droidbot,app-31,False,12.775
180,2,droidbot,app-31,False,18.28
180,3,droidbot,app-31,False,24.23
180,1,droidbot,app-33,True,45.875
180,2,droidbot,app-33,True,51.03
180,3,droidbot,app-33,True,52.575
180,1,droidbot,app-34,True,20.585
180,2,droidbot,app-34,True,25.875
180,3,droidbot,app-34,True,20.065
180,1,droidbot,app-35,False,43.54
180,2,droidbot,app-35,False,4.515
180,3,droidbot,app-35,False,30.529999999999998
180,1,droidbot,app-37,True,16.27
180,2,droidbot,app-37,False,12.355
180,3,droidbot,app-37,False,13.059999999999999
180,1,droidbot,app-38,False,0.0
180,2,droidbot,app-38,False,0.0
180,3,droidbot,app-38,False,0.0
180,1,droidbot,app-39,False,0.33999999999999997
180,2,droidbot,app-39,False,0.33999999999999997
180,3,droidbot,app-39,False,0.33999999999999997
180,1,droidbot,app-4,False,45.45
180,2,droidbot,app-4,False,45.45
180,3,droidbot,app-4,False,45.45
180,1,droidbot,app-40,True,9.64
180,2,droidbot,app-40,True,13.43
180,3,droidbot,app-40,True,9.565000000000001
180,1,droidbot,app-42,True,11.295
180,2,droidbot,app-42,True,10.649999999999999
180,3,droidbot,app-42,True,10.649999999999999
180,1,droidbot,app-43,True,24.41
180,2,droidbot,app-43,True,30.224999999999998
180,3,droidbot,app-43,True,33.195
180,1,droidbot,app-44,False,0.0
180,2,droidbot,app-44,False,0.0
180,3,droidbot,app-44,False,0.0
180,1,droidbot,app-45,True,18.560000000000002
180,2,droidbot,app-45,True,26.650000000000002
180,3,droidbot,app-45,True,19.46
180,1,droidbot,app-46,True,24.555
180,2,droidbot,app-46,True,24.225
180,3,droidbot,app-46,True,25.195
180,1,droidbot,app-47,True,10.595
180,2,droidbot,app-47,True,10.450000000000001
180,3,droidbot,app-47,True,10.6
180,1,droidbot,app-48,True,1.545
180,2,droidbot,app-48,False,1.5350000000000001
180,3,droidbot,app-48,True,1.79
180,1,droidbot,app-49,True,30.304999999999996
180,2,droidbot,app-49,True,37.875
180,3,droidbot,app-49,True,38.635000000000005
180,1,droidbot,app-5,False,28.98
180,2,droidbot,app-5,False,28.845000000000002
180,3,droidbot,app-5,False,27.200000000000003
180,1,droidbot,app-50,True,12.57
180,2,droidbot,app-50,True,13.02
180,3,droidbot,app-50,True,13.739999999999998
180,1,droidbot,app-51,True,16.32
180,2,droidbot,app-51,True,16.32
180,3,droidbot,app-51,True,29.345
180,1,droidbot,app-52,True,4.95
180,2,droidbot,app-52,True,4.95
180,3,droidbot,app-52,True,4.95
180,1,droidbot,app-53,True,19.965
180,2,droidbot,app-53,True,19.119999999999997
180,3,droidbot,app-53,True,20.29
180,1,droidbot,app-54,True,8.41
180,2,droidbot,app-54,True,2.7
180,3,droidbot,app-54,True,3.755
180,1,droidbot,app-55,True,3.84
180,2,droidbot,app-55,True,3.69
180,3,droidbot,app-55,True,4.1
180,1,droidbot,app-56,False,15.36
180,2,droidbot,app-56,False,18.09
180,3,droidbot,app-56,False,18.744999999999997
180,1,droidbot,app-57,True,1.415
180,2,droidbot,app-57,True,1.21
180,3,droidbot,app-57,True,1.17
180,1,droidbot,app-58,True,32.69499999999999
180,2,droidbot,app-58,True,32.69499999999999
180,3,droidbot,app-58,True,32.69499999999999
180,1,droidbot,app-59,True,27.835
180,2,droidbot,app-59,True,29.200000000000003
180,3,droidbot,app-59,True,31.514999999999997
180,1,droidbot,app-6,True,10.675
180,2,droidbot,app-6,True,14.955
180,3,droidbot,app-6,True,15.14
180,1,droidbot,app-60,True,56.525
180,2,droidbot,app-60,True,70.655
180,3,droidbot,app-60,True,60.87
180,1,droidbot,app-61,True,0.0
180,2,droidbot,app-61,True,0.0
180,3,droidbot,app-61,True,0.0
180,1,droidbot,app-62,False,8.45
180,2,droidbot,app-62,True,9.42
180,3,droidbot,app-62,True,11.035
180,1,droidbot,app-63,False,23.42
180,2,droidbot,app-63,False,21.17
180,3,droidbot,app-63,False,25.68
180,1,droidbot,app-64,True,50.0
180,2,droidbot,app-64,True,100.0
180,3,droidbot,app-64,True,100.0
180,1,droidbot,app-65,False,7.46
180,2,droidbot,app-65,False,7.46
180,3,droidbot,app-65,False,7.46
180,1,droidbot,app-66,True,15.55
180,2,droidbot,app-66,True,16.2
180,3,droidbot,app-66,True,16.11
180,1,droidbot,app-67,True,0.0
180,2,droidbot,app-67,True,0.0
180,3,droidbot,app-67,True,0.0
180,1,droidbot,app-68,True,6.25
180,2,droidbot,app-68,False,12.5
180,3,droidbot,app-68,False,12.5
180,1,droidbot,app-69,False,9.27
180,2,droidbot,app-69,False,9.775
180,3,droidbot,app-69,False,11.955
180,1,droidbot,app-7,False,31.71
180,2,droidbot,app-7,False,31.1
180,3,droidbot,app-7,False,31.71
180,1,droidbot,app-70,True,17.03
180,2,droidbot,app-70,False,17.849999999999998
180,3,droidbot,app-70,True,14.305
180,1,droidbot,app-71,True,20.195
180,2,droidbot,app-71,True,28.845
180,3,droidbot,app-71,True,22.115000000000002
180,1,droidbot,app-72,True,13.975000000000001
180,2,droidbot,app-72,False,5.38
180,3,droidbot,app-72,True,5.04
180,1,droidbot,app-73,False,31.819999999999997
180,2,droidbot,app-73,False,34.089999999999996
180,3,droidbot,app-73,False,34.089999999999996
180,1,droidbot,app-74,True,0.0
180,2,droidbot,app-74,True,0.0
180,3,droidbot,app-74,True,0.0
180,1,droidbot,app-75,False,21.6
180,2,droidbot,app-75,False,18.814999999999998
180,3,droidbot,app-75,False,16.115000000000002
180,1,droidbot,app-76,True,16.305
180,2,droidbot,app-76,True,16.895
180,3,droidbot,app-76,True,15.215
180,1,droidbot,app-77,True,6.425000000000001
180,2,droidbot,app-77,True,6.515000000000001
180,3,droidbot,app-77,True,6.16
180,1,droidbot,app-78,True,17.93
180,2,droidbot,app-78,True,16.035
180,3,droidbot,app-78,True,16.665
180,1,droidbot,app-79,False,8.14
180,2,droidbot,app-79,False,4.435
180,3,droidbot,app-79,False,5.529999999999999
180,1,droidbot,app-8,True,23.389999999999997
180,2,droidbot,app-8,False,7.635
180,3,droidbot,app-8,False,24.46
180,1,droidbot,app-80,True,26.794999999999998
180,2,droidbot,app-80,True,21.535
180,3,droidbot,app-80,True,22.89
180,1,droidbot,app-81,False,17.15
180,2,droidbot,app-81,False,18.0
180,3,droidbot,app-81,False,24.4
180,1,droidbot,app-82,True,12.3
180,2,droidbot,app-82,True,12.299999999999999
180,3,droidbot,app-82,True,10.45
180,1,droidbot,app-83,True,11.110000000000001
180,2,droidbot,app-83,True,11.110000000000001
180,3,droidbot,app-83,True,11.110000000000001
180,1,droidbot,app-84,True,33.68
180,2,droidbot,app-84,True,47.57
180,3,droidbot,app-84,True,32.985
180,1,droidbot,app-85,True,18.435000000000002
180,2,droidbot,app-85,True,14.195
180,3,droidbot,app-85,True,16.945
180,1,droidbot,app-86,False,11.98
180,2,droidbot,app-86,False,7.670000000000001
180,3,droidbot,app-86,True,9.905
180,1,droidbot,app-87,True,19.09
180,2,droidbot,app-87,True,19.09
180,3,droidbot,app-87,True,20.91
180,1,droidbot,app-89,False,15.82
180,2,droidbot,app-89,False,16.33
180,3,droidbot,app-89,False,16.839999999999996
180,1,droidbot,app-9,True,0.0
180,2,droidbot,app-9,True,0.0
180,3,droidbot,app-9,True,0.0
180,1,droidbot,app-90,True,12.225
180,2,droidbot,app-90,True,11.985
180,3,droidbot,app-90,True,13.045
180,1,droidbot,app-91,True,13.445
180,2,droidbot,app-91,True,12.044999999999998
180,3,droidbot,app-91,True,11.285
180,1,droidbot,app-92,True,21.4
180,2,droidbot,app-92,True,32.650000000000006
180,3,droidbot,app-92,True,23.825
180,1,droidbot,app-94,False,15.655
180,2,droidbot,app-94,False,15.195
180,3,droidbot,app-94,False,19.869999999999997
180,1,droidbot,app-95,True,25.0
180,2,droidbot,app-95,True,25.0
180,3,droidbot,app-95,True,25.0
180,1,droidbot,app-96,True,48.405
180,2,droidbot,app-96,True,50.795
180,3,droidbot,app-96,True,27.395
180,1,droidbot,app-97,True,8.09
180,2,droidbot,app-97,True,4.07
180,3,droidbot,app-97,True,3.46
180,1,droidbot,app-98,True,58.515
180,2,droidbot,app-98,True,60.965
180,3,droidbot,app-98,True,60.22
180,1,droidbot,app-99,False,16.765
180,2,droidbot,app-99,False,19.705
180,3,droidbot,app-99,True,17.65
180,1,droidmate,app-1,True,4.49
180,2,droidmate,app-1,True,4.49
180,3,droidmate,app-1,True,4.49
180,1,droidmate,app-10,False,16.67
180,2,droidmate,app-10,False,16.67
180,3,droidmate,app-10,False,17.119999999999997
180,1,droidmate,app-100,True,7.779999999999999
180,2,droidmate,app-100,True,7.779999999999999
180,3,droidmate,app-100,True,7.779999999999999
180,1,droidmate,app-101,True,21.740000000000002
180,2,droidmate,app-101,True,21.740000000000002
180,3,droidmate,app-101,True,19.565
180,1,droidmate,app-102,False,28.689999999999998
180,2,droidmate,app-102,False,28.689999999999998
180,3,droidmate,app-102,False,28.689999999999998
180,1,droidmate,app-11,True,24.835
180,2,droidmate,app-11,True,21.895000000000003
180,3,droidmate,app-11,True,25.165
180,1,droidmate,app-12,False,15.379999999999999
180,2,droidmate,app-12,True,15.379999999999999
180,3,droidmate,app-12,True,15.379999999999999
180,1,droidmate,app-13,True,24.950000000000003
180,2,droidmate,app-13,True,24.950000000000003
180,3,droidmate,app-13,True,24.950000000000003
180,1,droidmate,app-14,True,0.0
180,2,droidmate,app-14,True,0.0
180,3,droidmate,app-14,False,0.0
180,1,droidmate,app-15,False,15.58
180,2,droidmate,app-15,False,15.58
180,3,droidmate,app-15,False,15.58
180,1,droidmate,app-16,True,0.0
180,2,droidmate,app-16,True,0.0
180,3,droidmate,app-16,True,0.0
180,1,droidmate,app-17,True,0.0
180,2,droidmate,app-17,True,0.0
180,3,droidmate,app-17,True,0.0
180,1,droidmate,app-18,True,8.23
180,2,droidmate,app-18,True,8.23
180,3,droidmate,app-18,True,8.23
180,1,droidmate,app-19,True,17.5
180,2,droidmate,app-19,True,19.23
180,3,droidmate,app-19,True,19.23
180,1,droidmate,app-2,False,22.5
180,2,droidmate,app-2,False,22.5
180,3,droidmate,app-2,False,22.5
180,1,droidmate,app-20,True,44.94
180,2,droidmate,app-20,True,47.025000000000006
180,3,droidmate,app-20,True,47.025000000000006
180,1,droidmate,app-21,True,14.85
180,2,droidmate,app-21,True,15.55
180,3,droidmate,app-21,True,16.25
180,1,droidmate,app-22,False,17.29
180,2,droidmate,app-22,False,17.29
180,3,droidmate,app-22,False,17.29
180,1,droidmate,app-23,True,0.0
180,2,droidmate,app-23,True,0.0
180,3,droidmate,app-23,True,0.0
180,1,droidmate,app-24,True,32.605000000000004
180,2,droidmate,app-24,True,30.43
180,3,droidmate,app-24,True,21.740000000000002
180,1,droidmate,app-26,True,22.23
180,2,droidmate,app-26,True,22.375
180,3,droidmate,app-26,True,22.78
180,1,droidmate,app-27,True,25.455
180,2,droidmate,app-27,True,24.77
180,3,droidmate,app-27,True,25.455
180,1,droidmate,app-28,True,35.465
180,2,droidmate,app-28,True,36.6
180,3,droidmate,app-28,True,35.085
180,1,droidmate,app-29,True,3.17
180,2,droidmate,app-29,True,3.485
180,3,droidmate,app-29,True,3.11
180,1,droidmate,app-3,True,7.145
180,2,droidmate,app-3,True,7.285
180,3,droidmate,app-3,True,7.430000000000001
180,1,droidmate,app-30,True,44.12
180,2,droidmate,app-30,True,44.12
180,3,droidmate,app-30,True,41.18
180,1,droidmate,app-31,False,26.21
180,2,droidmate,app-31,False,26.21
180,3,droidmate,app-31,False,26.21
180,1,droidmate,app-33,True,46.39
180,2,droidmate,app-33,True,46.39
180,3,droidmate,app-33,True,45.875
180,1,droidmate,app-34,True,21.71
180,2,droidmate,app-34,True,21.71
180,3,droidmate,app-34,True,21.71
180,1,droidmate,app-35,False,3.27
180,2,droidmate,app-35,False,3.27
180,3,droidmate,app-35,False,3.27
180,1,droidmate,app-37,False,20.43
180,2,droidmate,app-37,True,19.36
180,3,droidmate,app-37,True,17.935
180,1,droidmate,app-38,False,0.0
180,2,droidmate,app-38,False,0.0
180,3,droidmate,app-38,False,0.0
180,1,droidmate,app-39,False,0.33999999999999997
180,2,droidmate,app-39,False,0.33999999999999997
180,3,droidmate,app-39,False,0.33999999999999997
180,1,droidmate,app-4,False,45.45
180,2,droidmate,app-4,False,45.45
180,3,droidmate,app-4,False,45.45
180,1,droidmate,app-40,True,9.19
180,2,droidmate,app-40,True,9.19
180,3,droidmate,app-40,True,9.165
180,1,droidmate,app-42,True,10.649999999999999
180,2,droidmate,app-42,True,10.649999999999999
180,3,droidmate,app-42,True,10.649999999999999
180,1,droidmate,app-43,True,22.810000000000002
180,2,droidmate,app-43,True,22.810000000000002
180,3,droidmate,app-43,True,22.810000000000002
180,1,droidmate,app-44,False,0.0
180,2,droidmate,app-44,False,0.0
180,3,droidmate,app-44,False,0.0
180,1,droidmate,app-45,True,20.060000000000002
180,2,droidmate,app-45,True,18.86
180,3,droidmate,app-45,True,14.670000000000002
180,1,droidmate,app-46,True,19.85
180,2,droidmate,app-46,True,19.85
180,3,droidmate,app-46,True,19.85
180,1,droidmate,app-47,False,2.9899999999999998
180,2,droidmate,app-47,False,2.9899999999999998
180,3,droidmate,app-47,False,2.9899999999999998
180,1,droidmate,app-48,False,1.65
180,2,droidmate,app-48,False,1.7850000000000001
180,3,droidmate,app-48,True,1.425
180,1,droidmate,app-49,True,18.185
180,2,droidmate,app-49,True,18.185
180,3,droidmate,app-49,True,19.7
180,1,droidmate,app-5,False,36.125
180,2,droidmate,app-5,False,35.574999999999996
180,3,droidmate,app-5,False,36.125
180,1,droidmate,app-50,True,12.204999999999998
180,2,droidmate,app-50,True,12.93
180,3,droidmate,app-50,True,12.655
180,1,droidmate,app-51,True,15.065
180,2,droidmate,app-51,True,14.645
180,3,droidmate,app-51,True,14.649999999999999
180,1,droidmate,app-52,True,4.95
180,2,droidmate,app-52,True,4.95
180,3,droidmate,app-52,True,4.95
180,1,droidmate,app-53,True,20.68
180,2,droidmate,app-53,True,20.549999999999997
180,3,droidmate,app-53,True,20.745
180,1,droidmate,app-54,True,3.1500000000000004
180,2,droidmate,app-54,True,3.1500000000000004
180,3,droidmate,app-54,True,3.1500000000000004
180,1,droidmate,app-55,True,3.6400000000000006
180,2,droidmate,app-55,True,3.6400000000000006
180,3,droidmate,app-55,True,3.6400000000000006
180,1,droidmate,app-56,False,16.695
180,2,droidmate,app-56,False,17.2
180,3,droidmate,app-56,False,17.22
180,1,droidmate,app-57,True,0.915
180,2,droidmate,app-57,True,1.675
180,3,droidmate,app-57,True,1.79
180,1,droidmate,app-58,True,30.769999999999996
180,2,droidmate,app-58,True,30.769999999999996
180,3,droidmate,app-58,True,30.769999999999996
180,1,droidmate,app-59,True,32.11
180,2,droidmate,app-59,True,30.09
180,3,droidmate,app-59,True,32.11
180,1,droidmate,app-6,False,4.09
180,2,droidmate,app-6,False,4.07
180,3,droidmate,app-6,False,4.015000000000001
180,1,droidmate,app-60,True,47.825
180,2,droidmate,app-60,True,41.30500000000001
180,3,droidmate,app-60,True,41.30500000000001
180,1,droidmate,app-61,True,0.0
180,2,droidmate,app-61,True,0.0
180,3,droidmate,app-61,True,0.0
180,1,droidmate,app-62,True,7.18
180,2,droidmate,app-62,False,9.195
180,3,droidmate,app-62,False,8.780000000000001
180,1,droidmate,app-63,False,18.02
180,2,droidmate,app-63,False,18.02
180,3,droidmate,app-63,False,18.02
180,1,droidmate,app-64,True,100.0
180,2,droidmate,app-64,True,100.0
180,3,droidmate,app-64,True,100.0
180,1,droidmate,app-65,False,7.46
180,2,droidmate,app-65,False,7.46
180,3,droidmate,app-65,False,7.46
180,1,droidmate,app-66,True,17.04
180,2,droidmate,app-66,True,17.505000000000003
180,3,droidmate,app-66,True,17.135
180,1,droidmate,app-67,True,0.0
180,2,droidmate,app-67,True,0.0
180,3,droidmate,app-67,True,0.0
180,1,droidmate,app-68,False,12.5
180,2,droidmate,app-68,False,12.5
180,3,droidmate,app-68,False,12.5
180,1,droidmate,app-69,False,7.17
180,2,droidmate,app-69,False,8.389999999999999
180,3,droidmate,app-69,False,7.34
180,1,droidmate,app-7,False,22.560000000000002
180,2,droidmate,app-7,False,23.78
180,3,droidmate,app-7,False,24.39
180,1,droidmate,app-70,False,28.475
180,2,droidmate,app-70,False,28.610000000000003
180,3,droidmate,app-70,False,27.52
180,1,droidmate,app-71,True,22.115000000000002
180,2,droidmate,app-71,True,22.115000000000002
180,3,droidmate,app-71,True,22.115000000000002
180,1,droidmate,app-72,True,6.875
180,2,droidmate,app-72,True,7.215000000000001
180,3,droidmate,app-72,True,6.99
180,1,droidmate,app-73,False,36.36
180,2,droidmate,app-73,False,36.36
180,3,droidmate,app-73,False,36.36
180,1,droidmate,app-74,True,0.0
180,2,droidmate,app-74,True,0.0
180,3,droidmate,app-74,True,0.0
180,1,droidmate,app-75,False,23.435000000000002
180,2,droidmate,app-75,False,25.09
180,3,droidmate,app-75,False,23.435000000000002
180,1,droidmate,app-76,True,11.065000000000001
180,2,droidmate,app-76,True,10.97
180,3,droidmate,app-76,True,11.065000000000001
180,1,droidmate,app-77,True,6.16
180,2,droidmate,app-77,True,6.16
180,3,droidmate,app-77,True,6.16
180,1,droidmate,app-78,True,20.25
180,2,droidmate,app-78,True,21.095000000000002
180,3,droidmate,app-78,True,20.465
180,1,droidmate,app-79,False,2.1849999999999996
180,2,droidmate,app-79,False,1.94
180,3,droidmate,app-79,False,1.94
180,1,droidmate,app-8,False,37.95
180,2,droidmate,app-8,True,7.395
180,3,droidmate,app-8,False,23.625
180,1,droidmate,app-80,True,24.56
180,2,droidmate,app-80,True,23.925
180,3,droidmate,app-80,True,24.64
180,1,droidmate,app-81,False,17.15
180,2,droidmate,app-81,False,17.15
180,3,droidmate,app-81,False,14.375
180,1,droidmate,app-82,True,7.9350000000000005
180,2,droidmate,app-82,True,10.98
180,3,droidmate,app-82,True,11.905000000000001
180,1,droidmate,app-83,True,11.110000000000001
180,2,droidmate,app-83,True,11.110000000000001
180,3,droidmate,app-83,True,11.110000000000001
180,1,droidmate,app-84,True,34.375
180,2,droidmate,app-84,True,40.97
180,3,droidmate,app-84,True,38.195
180,1,droidmate,app-85,True,8.9
180,2,droidmate,app-85,True,8.9
180,3,droidmate,app-85,True,8.9
180,1,droidmate,app-86,True,9.585
180,2,droidmate,app-86,False,7.35
180,3,droidmate,app-86,False,7.35
180,1,droidmate,app-87,True,19.09
180,2,droidmate,app-87,True,20.0
180,3,droidmate,app-87,True,19.09
180,1,droidmate,app-89,False,11.219999999999999
180,2,droidmate,app-89,False,11.219999999999999
180,3,droidmate,app-89,False,11.219999999999999
180,1,droidmate,app-9,True,0.0
180,2,droidmate,app-9,True,0.0
180,3,droidmate,app-9,True,0.0
180,1,droidmate,app-90,True,11.985
180,2,droidmate,app-90,True,12.105
180,3,droidmate,app-90,True,12.225000000000001
180,1,droidmate,app-91,True,12.204999999999998
180,2,droidmate,app-91,True,12.204999999999998
180,3,droidmate,app-91,True,11.73
180,1,droidmate,app-92,True,23.605
180,2,droidmate,app-92,True,23.605
180,3,droidmate,app-92,True,23.605
180,1,droidmate,app-94,False,14.955
180,2,droidmate,app-94,False,14.95
180,3,droidmate,app-94,False,14.834999999999999
180,1,droidmate,app-95,True,25.0
180,2,droidmate,app-95,True,25.0
180,3,droidmate,app-95,True,25.0
180,1,droidmate,app-96,True,6.38
180,2,droidmate,app-96,True,6.38
180,3,droidmate,app-96,True,6.38
180,1,droidmate,app-97,True,10.48
180,2,droidmate,app-97,True,10.215
180,3,droidmate,app-97,True,8.98
180,1,droidmate,app-98,True,34.065
180,2,droidmate,app-98,True,35.475
180,3,droidmate,app-98,True,34.730000000000004
180,1,droidmate,app-99,False,9.415
180,2,droidmate,app-99,False,10.59
180,3,droidmate,app-99,False,9.415
180,1,humanoid,app-1,True,0.0
180,2,humanoid,app-1,True,0.0
180,3,humanoid,app-1,True,0.0
180,1,humanoid,app-10,False,0.0
180,2,humanoid,app-10,False,0.0
180,3,humanoid,app-10,False,0.0
180,1,humanoid,app-100,True,0.0
180,2,humanoid,app-100,True,4.6899999999999995
180,3,humanoid,app-100,True,4.6899999999999995
180,1,humanoid,app-101,False,0.0
180,2,humanoid,app-101,False,0.0
180,3,humanoid,app-101,False,0.0
180,1,humanoid,app-102,False,0.0
180,2,humanoid,app-102,False,0.0
180,3,humanoid,app-102,False,0.0
180,1,humanoid,app-11,True,0.0
180,2,humanoid,app-11,True,0.0
180,3,humanoid,app-11,True,0.0
180,1,humanoid,app-12,False,15.379999999999999
180,2,humanoid,app-12,True,15.379999999999999
180,3,humanoid,app-12,True,15.379999999999999
180,1,humanoid,app-13,False,0.0
180,2,humanoid,app-13,False,0.0
180,3,humanoid,app-13,False,0.0
180,1,humanoid,app-14,True,0.0
180,2,humanoid,app-14,True,0.0
180,3,humanoid,app-14,True,0.0
180,1,humanoid,app-15,False,0.0
180,2,humanoid,app-15,False,0.0
180,3,humanoid,app-15,False,0.0
180,1,humanoid,app-16,True,0.0
180,2,humanoid,app-16,True,0.0
180,3,humanoid,app-16,True,0.0
180,1,humanoid,app-17,True,0.0
180,2,humanoid,app-17,True,0.0
180,3,humanoid,app-17,True,0.0
180,1,humanoid,app-18,True,0.0
180,2,humanoid,app-18,True,0.0
180,3,humanoid,app-18,True,0.0
180,1,humanoid,app-19,True,0.0
180,2,humanoid,app-19,True,0.0
180,3,humanoid,app-19,True,0.0
180,1,humanoid,app-2,False,31.25
180,2,humanoid,app-2,True,30.0
180,3,humanoid,app-2,False,32.5
180,1,humanoid,app-20,True,0.0
180,2,humanoid,app-20,True,0.0
180,3,humanoid,app-20,True,0.0
180,1,humanoid,app-21,True,0.0
180,2,humanoid,app-21,True,0.0
180,3,humanoid,app-21,True,0.0
180,1,humanoid,app-22,False,0.0
180,2,humanoid,app-22,False,0.0
180,3,humanoid,app-22,False,0.0
180,1,humanoid,app-23,True,0.0
180,2,humanoid,app-23,True,0.0
180,3,humanoid,app-23,True,0.0
180,1,humanoid,app-24,False,0.0
180,2,humanoid,app-24,False,0.0
180,3,humanoid,app-24,False,0.0
180,1,humanoid,app-26,True,0.0
180,2,humanoid,app-26,True,33.185
180,3,humanoid,app-26,True,35.879999999999995
180,1,humanoid,app-27,False,0.0
180,2,humanoid,app-27,True,40.765
180,3,humanoid,app-27,True,36.035
180,1,humanoid,app-28,True,0.0
180,2,humanoid,app-28,True,49.78
180,3,humanoid,app-28,True,41.89
180,1,humanoid,app-29,True,0.0
180,2,humanoid,app-29,True,0.0
180,3,humanoid,app-29,True,0.0
180,1,humanoid,app-3,True,8.715
180,2,humanoid,app-3,True,8.57
180,3,humanoid,app-3,True,9.855
180,1,humanoid,app-30,False,0.0
180,2,humanoid,app-30,False,0.0
180,3,humanoid,app-30,False,0.0
180,1,humanoid,app-31,False,0.0
180,2,humanoid,app-31,False,0.0
180,3,humanoid,app-31,False,0.0
180,1,humanoid,app-33,False,0.0
180,2,humanoid,app-33,True,22.68
180,3,humanoid,app-33,True,44.330000000000005
180,1,humanoid,app-34,False,0.0
180,2,humanoid,app-34,False,0.0
180,3,humanoid,app-34,False,0.0
180,1,humanoid,app-35,False,0.0
180,2,humanoid,app-35,False,0.0
180,3,humanoid,app-35,False,0.0
180,1,humanoid,app-37,False,0.0
180,2,humanoid,app-37,False,0.0
180,3,humanoid,app-37,False,0.0
180,1,humanoid,app-38,False,0.0
180,2,humanoid,app-38,False,0.0
180,3,humanoid,app-38,False,0.0
180,1,humanoid,app-39,False,0.0
180,2,humanoid,app-39,False,0.0
180,3,humanoid,app-39,False,0.0
180,1,humanoid,app-4,False,0.0
180,2,humanoid,app-4,False,0.0
180,3,humanoid,app-4,False,0.0
180,1,humanoid,app-40,False,0.0
180,2,humanoid,app-40,False,0.0
180,3,humanoid,app-40,False,0.0
180,1,humanoid,app-42,True,10.649999999999999
180,2,humanoid,app-42,True,10.649999999999999
180,3,humanoid,app-42,True,11.26
180,1,humanoid,app-43,True,0.0
180,2,humanoid,app-43,True,0.0
180,3,humanoid,app-43,True,0.0
180,1,humanoid,app-44,True,0.0
180,2,humanoid,app-44,True,0.0
180,3,humanoid,app-44,False,0.0
180,1,humanoid,app-45,True,0.0
180,2,humanoid,app-45,True,0.0
180,3,humanoid,app-45,True,0.0
180,1,humanoid,app-46,True,0.0
180,2,humanoid,app-46,True,0.0
180,3,humanoid,app-46,True,0.0
180,1,humanoid,app-47,True,12.985
180,2,humanoid,app-47,True,8.955
180,3,humanoid,app-47,False,0.0
180,1,humanoid,app-48,False,0.0
180,2,humanoid,app-48,False,0.0
180,3,humanoid,app-48,False,0.0
180,1,humanoid,app-49,True,33.334999999999994
180,2,humanoid,app-49,True,34.849999999999994
180,3,humanoid,app-49,True,28.79
180,1,humanoid,app-5,False,0.0
180,2,humanoid,app-5,False,0.0
180,3,humanoid,app-5,False,0.0
180,1,humanoid,app-50,True,0.0
180,2,humanoid,app-50,True,0.0
180,3,humanoid,app-50,True,0.0
180,1,humanoid,app-51,True,15.9
180,2,humanoid,app-51,True,15.9
180,3,humanoid,app-51,True,15.9
180,1,humanoid,app-52,True,0.0
180,2,humanoid,app-52,True,0.0
180,3,humanoid,app-52,True,0.0
180,1,humanoid,app-53,True,20.810000000000002
180,2,humanoid,app-53,True,20.810000000000002
180,3,humanoid,app-53,True,20.810000000000002
180,1,humanoid,app-54,True,0.0
180,2,humanoid,app-54,True,0.0
180,3,humanoid,app-54,True,0.0
180,1,humanoid,app-55,True,0.0
180,2,humanoid,app-55,True,0.0
180,3,humanoid,app-55,True,0.0
180,1,humanoid,app-56,False,0.0
180,2,humanoid,app-56,False,0.0
180,3,humanoid,app-56,False,0.0
180,1,humanoid,app-57,True,0.0
180,2,humanoid,app-57,True,0.0
180,3,humanoid,app-57,True,0.0
180,1,humanoid,app-58,True,34.62
180,2,humanoid,app-58,True,34.62
180,3,humanoid,app-58,True,34.62
180,1,humanoid,app-59,True,30.740000000000002
180,2,humanoid,app-59,True,30.15
180,3,humanoid,app-59,True,12.809999999999999
180,1,humanoid,app-6,False,0.0
180,2,humanoid,app-6,False,0.0
180,3,humanoid,app-6,False,0.0
180,1,humanoid,app-60,True,0.0
180,2,humanoid,app-60,True,0.0
180,3,humanoid,app-60,True,0.0
180,1,humanoid,app-61,True,0.0
180,2,humanoid,app-61,True,0.0
180,3,humanoid,app-61,True,0.0
180,1,humanoid,app-62,False,0.0
180,2,humanoid,app-62,False,0.0
180,3,humanoid,app-62,False,0.0
180,1,humanoid,app-63,False,0.0
180,2,humanoid,app-63,False,0.0
180,3,humanoid,app-63,False,0.0
180,1,humanoid,app-64,True,0.0
180,2,humanoid,app-64,True,0.0
180,3,humanoid,app-64,True,0.0
180,1,humanoid,app-65,False,0.0
180,2,humanoid,app-65,False,0.0
180,3,humanoid,app-65,False,0.0
180,1,humanoid,app-66,True,21.975
180,2,humanoid,app-66,True,18.435000000000002
180,3,humanoid,app-66,True,20.855
180,1,humanoid,app-67,True,0.0
180,2,humanoid,app-67,True,0.0
180,3,humanoid,app-67,True,0.0
180,1,humanoid,app-68,False,0.0
180,2,humanoid,app-68,False,0.0
180,3,humanoid,app-68,False,0.0
180,1,humanoid,app-69,False,0.0
180,2,humanoid,app-69,False,0.0
180,3,humanoid,app-69,False,0.0
180,1,humanoid,app-7,False,0.0
180,2,humanoid,app-7,False,0.0
180,3,humanoid,app-7,False,0.0
180,1,humanoid,app-70,False,0.0
180,2,humanoid,app-70,False,0.0
180,3,humanoid,app-70,False,0.0
180,1,humanoid,app-71,True,25.0
180,2,humanoid,app-71,True,24.04
180,3,humanoid,app-71,True,32.69
180,1,humanoid,app-72,False,0.0
180,2,humanoid,app-72,False,0.0
180,3,humanoid,app-72,False,0.0
180,1,humanoid,app-73,False,0.0
180,2,humanoid,app-73,False,0.0
180,3,humanoid,app-73,False,0.0
180,1,humanoid,app-74,True,0.0
180,2,humanoid,app-74,True,0.0
180,3,humanoid,app-74,True,0.0
180,1,humanoid,app-75,False,0.0
180,2,humanoid,app-75,False,0.0
180,3,humanoid,app-75,False,0.0
180,1,humanoid,app-76,True,0.0
180,2,humanoid,app-76,True,0.0
180,3,humanoid,app-76,True,0.0
180,1,humanoid,app-77,True,0.0
180,2,humanoid,app-77,True,0.0
180,3,humanoid,app-77,True,0.0
180,1,humanoid,app-78,True,22.785
180,2,humanoid,app-78,True,16.67
180,3,humanoid,app-78,True,17.935000000000002
180,1,humanoid,app-79,False,0.0
180,2,humanoid,app-79,False,0.0
180,3,humanoid,app-79,False,0.0
180,1,humanoid,app-8,False,0.0
180,2,humanoid,app-8,False,0.0
180,3,humanoid,app-8,False,0.0
180,1,humanoid,app-80,True,20.175
180,2,humanoid,app-80,True,21.29
180,3,humanoid,app-80,True,20.335
180,1,humanoid,app-81,False,0.0
180,2,humanoid,app-81,False,0.0
180,3,humanoid,app-81,False,0.0
180,1,humanoid,app-82,False,0.0
180,2,humanoid,app-82,True,12.959999999999999
180,3,humanoid,app-82,True,12.959999999999999
180,1,humanoid,app-83,True,0.0
180,2,humanoid,app-83,True,11.110000000000001
180,3,humanoid,app-83,True,11.110000000000001
180,1,humanoid,app-84,False,0.0
180,2,humanoid,app-84,True,62.5
180,3,humanoid,app-84,True,63.540000000000006
180,1,humanoid,app-85,True,0.0
180,2,humanoid,app-85,True,0.0
180,3,humanoid,app-85,True,0.0
180,1,humanoid,app-86,False,0.0
180,2,humanoid,app-86,False,0.0
180,3,humanoid,app-86,False,0.0
180,1,humanoid,app-87,False,0.0
180,2,humanoid,app-87,False,0.0
180,3,humanoid,app-87,False,0.0
180,1,humanoid,app-89,False,0.0
180,2,humanoid,app-89,False,0.0
180,3,humanoid,app-89,False,0.0
180,1,humanoid,app-9,True,0.0
180,2,humanoid,app-9,True,0.0
180,3,humanoid,app-9,True,0.0
180,1,humanoid,app-90,True,0.0
180,2,humanoid,app-90,True,0.0
180,3,humanoid,app-90,True,0.0
180,1,humanoid,app-91,False,0.0
180,2,humanoid,app-91,False,0.0
180,3,humanoid,app-91,False,0.0
180,1,humanoid,app-92,True,0.0
180,2,humanoid,app-92,True,0.0
180,3,humanoid,app-92,True,0.0
180,1,humanoid,app-94,False,0.0
180,2,humanoid,app-94,False,0.0
180,3,humanoid,app-94,False,0.0
180,1,humanoid,app-95,True,0.0
180,2,humanoid,app-95,True,0.0
180,3,humanoid,app-95,True,0.0
180,1,humanoid,app-96,True,0.0
180,2,humanoid,app-96,True,0.0
180,3,humanoid,app-96,True,0.0
180,1,humanoid,app-97,False,0.0
180,2,humanoid,app-97,True,11.965
180,3,humanoid,app-97,True,15.549999999999999
180,1,humanoid,app-98,False,0.0
180,2,humanoid,app-98,False,0.0
180,3,humanoid,app-98,False,0.0
180,1,humanoid,app-99,False,0.0
180,2,humanoid,app-99,False,0.0
180,3,humanoid,app-99,False,0.0
180,1,joke,app-1,True,0.0
180,2,joke,app-1,True,0.0
180,3,joke,app-1,True,0.0
180,1,joke,app-10,False,0.0
180,2,joke,app-10,False,0.0
180,3,joke,app-10,False,0.0
180,1,joke,app-100,True,0.0
180,2,joke,app-100,True,0.0
180,3,joke,app-100,True,0.0
180,1,joke,app-101,False,0.0
180,2,joke,app-101,False,0.0
180,3,joke,app-101,False,0.0
180,1,joke,app-102,False,0.0
180,2,joke,app-102,False,0.0
180,3,joke,app-102,False,0.0
180,1,joke,app-11,True,0.0
180,2,joke,app-11,True,0.0
180,3,joke,app-11,True,0.0
180,1,joke,app-12,False,0.0
180,2,joke,app-12,False,0.0
180,3,joke,app-12,False,0.0
180,1,joke,app-13,False,0.0
180,2,joke,app-13,False,0.0
180,3,joke,app-13,False,0.0
180,1,joke,app-14,False,0.0
180,2,joke,app-14,False,0.0
180,3,joke,app-14,False,0.0
180,1,joke,app-15,False,0.0
180,2,joke,app-15,False,0.0
180,3,joke,app-15,False,0.0
180,1,joke,app-16,True,0.0
180,2,joke,app-16,True,0.0
180,3,joke,app-16,True,0.0
180,1,joke,app-17,True,0.0
180,2,joke,app-17,True,0.0
180,3,joke,app-17,True,0.0
180,1,joke,app-18,True,0.0
180,2,joke,app-18,True,0.0
180,3,joke,app-18,True,0.0
180,1,joke,app-19,True,0.0
180,2,joke,app-19,True,0.0
180,3,joke,app-19,True,0.0
180,1,joke,app-2,False,0.0
180,2,joke,app-2,False,0.0
180,3,joke,app-2,False,0.0
180,1,joke,app-20,True,0.0
180,2,joke,app-20,True,0.0
180,3,joke,app-20,True,0.0
180,1,joke,app-21,True,0.0
180,2,joke,app-21,True,0.0
180,3,joke,app-21,True,0.0
180,1,joke,app-22,False,0.0
180,2,joke,app-22,False,0.0
180,3,joke,app-22,False,0.0
180,1,joke,app-23,True,0.0
180,2,joke,app-23,True,0.0
180,3,joke,app-23,True,0.0
180,1,joke,app-24,False,0.0
180,2,joke,app-24,False,0.0
180,3,joke,app-24,False,0.0
180,1,joke,app-26,True,0.0
180,2,joke,app-26,True,0.0
180,3,joke,app-26,True,0.0
180,1,joke,app-27,False,0.0
180,2,joke,app-27,False,0.0
180,3,joke,app-27,False,0.0
180,1,joke,app-28,True,0.0
180,2,joke,app-28,True,0.0
180,3,joke,app-28,True,0.0
180,1,joke,app-29,True,0.0
180,2,joke,app-29,True,0.0
180,3,joke,app-29,True,0.0
180,1,joke,app-3,True,0.0
180,2,joke,app-3,True,0.0
180,3,joke,app-3,True,0.0
180,1,joke,app-30,False,0.0
180,2,joke,app-30,False,0.0
180,3,joke,app-30,False,0.0
180,1,joke,app-31,False,0.0
180,2,joke,app-31,False,0.0
180,3,joke,app-31,False,0.0
180,1,joke,app-33,False,0.0
180,2,joke,app-33,False,0.0
180,3,joke,app-33,False,0.0
180,1,joke,app-34,False,0.0
180,2,joke,app-34,False,0.0
180,3,joke,app-34,False,0.0
180,1,joke,app-35,False,0.0
180,2,joke,app-35,False,0.0
180,3,joke,app-35,False,0.0
180,1,joke,app-37,False,0.0
180,2,joke,app-37,False,0.0
180,3,joke,app-37,False,0.0
180,1,joke,app-38,False,0.0
180,2,joke,app-38,False,0.0
180,3,joke,app-38,False,0.0
180,1,joke,app-39,False,0.0
180,2,joke,app-39,False,0.0
180,3,joke,app-39,False,0.0
180,1,joke,app-4,False,0.0
180,2,joke,app-4,False,0.0
180,3,joke,app-4,False,0.0
180,1,joke,app-40,False,0.0
180,2,joke,app-40,False,0.0
180,3,joke,app-40,False,0.0
180,1,joke,app-42,False,0.0
180,2,joke,app-42,False,0.0
180,3,joke,app-42,False,0.0
180,1,joke,app-43,True,0.0
180,2,joke,app-43,True,0.0
180,3,joke,app-43,True,0.0
180,1,joke,app-44,False,0.0
180,2,joke,app-44,False,0.0
180,3,joke,app-44,False,0.0
180,1,joke,app-45,True,0.0
180,2,joke,app-45,True,0.0
180,3,joke,app-45,True,0.0
180,1,joke,app-46,True,0.0
180,2,joke,app-46,True,0.0
180,3,joke,app-46,True,0.0
180,1,joke,app-47,False,0.0
180,2,joke,app-47,False,0.0
180,3,joke,app-47,False,0.0
180,1,joke,app-48,False,0.0
180,2,joke,app-48,False,0.0
180,3,joke,app-48,False,0.0
180,1,joke,app-49,True,0.0
180,2,joke,app-49,True,0.0
180,3,joke,app-49,True,0.0
180,1,joke,app-5,False,0.0
180,2,joke,app-5,False,0.0
180,3,joke,app-5,False,0.0
180,1,joke,app-50,True,0.0
180,2,joke,app-50,True,0.0
180,3,joke,app-50,True,0.0
180,1,joke,app-51,False,0.0
180,2,joke,app-51,False,0.0
180,3,joke,app-51,False,0.0
180,1,joke,app-52,True,0.0
180,2,joke,app-52,True,0.0
180,3,joke,app-52,True,0.0
180,1,joke,app-53,True,0.0
180,2,joke,app-53,True,0.0
180,3,joke,app-53,True,0.0
180,1,joke,app-54,True,0.0
180,2,joke,app-54,True,0.0
180,3,joke,app-54,True,0.0
180,1,joke,app-55,True,0.0
180,2,joke,app-55,True,0.0
180,3,joke,app-55,True,0.0
180,1,joke,app-56,False,0.0
180,2,joke,app-56,False,0.0
180,3,joke,app-56,False,0.0
180,1,joke,app-57,True,0.0
180,2,joke,app-57,True,0.0
180,3,joke,app-57,True,0.0
180,1,joke,app-58,False,0.0
180,2,joke,app-58,False,0.0
180,3,joke,app-58,False,0.0
180,1,joke,app-59,True,0.0
180,2,joke,app-59,True,0.0
180,3,joke,app-59,True,0.0
180,1,joke,app-6,False,0.0
180,2,joke,app-6,False,0.0
180,3,joke,app-6,False,0.0
180,1,joke,app-60,True,0.0
180,2,joke,app-60,True,0.0
180,3,joke,app-60,True,0.0
180,1,joke,app-61,True,0.0
180,2,joke,app-61,True,0.0
180,3,joke,app-61,True,0.0
180,1,joke,app-62,False,0.0
180,2,joke,app-62,False,0.0
180,3,joke,app-62,False,0.0
180,1,joke,app-63,False,0.0
180,2,joke,app-63,False,0.0
180,3,joke,app-63,False,0.0
180,1,joke,app-64,True,0.0
180,2,joke,app-64,True,0.0
180,3,joke,app-64,True,0.0
180,1,joke,app-65,False,0.0
180,2,joke,app-65,False,0.0
180,3,joke,app-65,False,0.0
180,1,joke,app-66,True,0.0
180,2,joke,app-66,True,0.0
180,3,joke,app-66,True,0.0
180,1,joke,app-67,True,0.0
180,2,joke,app-67,True,0.0
180,3,joke,app-67,True,0.0
180,1,joke,app-68,False,0.0
180,2,joke,app-68,False,0.0
180,3,joke,app-68,False,0.0
180,1,joke,app-69,False,0.0
180,2,joke,app-69,False,0.0
180,3,joke,app-69,False,0.0
180,1,joke,app-7,False,0.0
180,2,joke,app-7,False,0.0
180,3,joke,app-7,False,0.0
180,1,joke,app-70,False,0.0
180,2,joke,app-70,False,0.0
180,3,joke,app-70,False,0.0
180,1,joke,app-71,False,0.0
180,2,joke,app-71,False,0.0
180,3,joke,app-71,False,0.0
180,1,joke,app-72,False,0.0
180,2,joke,app-72,False,0.0
180,3,joke,app-72,False,0.0
180,1,joke,app-73,False,0.0
180,2,joke,app-73,False,0.0
180,3,joke,app-73,False,0.0
180,1,joke,app-74,True,0.0
180,2,joke,app-74,True,0.0
180,3,joke,app-74,True,0.0
180,1,joke,app-75,False,0.0
180,2,joke,app-75,False,0.0
180,3,joke,app-75,False,0.0
180,1,joke,app-76,True,0.0
180,2,joke,app-76,True,0.0
180,3,joke,app-76,True,0.0
180,1,joke,app-77,True,0.0
180,2,joke,app-77,True,0.0
180,3,joke,app-77,True,0.0
180,1,joke,app-78,True,0.0
180,2,joke,app-78,True,0.0
180,3,joke,app-78,True,0.0
180,1,joke,app-79,False,0.0
180,2,joke,app-79,False,0.0
180,3,joke,app-79,False,0.0
180,1,joke,app-8,False,0.0
180,2,joke,app-8,False,0.0
180,3,joke,app-8,False,0.0
180,1,joke,app-80,True,0.0
180,2,joke,app-80,True,0.0
180,3,joke,app-80,True,0.0
180,1,joke,app-81,False,0.0
180,2,joke,app-81,False,0.0
180,3,joke,app-81,False,0.0
180,1,joke,app-82,False,0.0
180,2,joke,app-82,False,0.0
180,3,joke,app-82,False,0.0
180,1,joke,app-83,True,0.0
180,2,joke,app-83,True,0.0
180,3,joke,app-83,True,0.0
180,1,joke,app-84,False,0.0
180,2,joke,app-84,False,0.0
180,3,joke,app-84,False,0.0
180,1,joke,app-85,True,0.0
180,2,joke,app-85,True,0.0
180,3,joke,app-85,True,0.0
180,1,joke,app-86,False,0.0
180,2,joke,app-86,False,0.0
180,3,joke,app-86,False,0.0
180,1,joke,app-87,False,0.0
180,2,joke,app-87,False,0.0
180,3,joke,app-87,False,0.0
180,1,joke,app-89,False,0.0
180,2,joke,app-89,False,0.0
180,3,joke,app-89,False,0.0
180,1,joke,app-9,True,0.0
180,2,joke,app-9,True,0.0
180,3,joke,app-9,True,0.0
180,1,joke,app-90,True,0.0
180,2,joke,app-90,True,0.0
180,3,joke,app-90,True,0.0
180,1,joke,app-91,False,0.0
180,2,joke,app-91,False,0.0
180,3,joke,app-91,False,0.0
180,1,joke,app-92,True,0.0
180,2,joke,app-92,True,0.0
180,3,joke,app-92,True,0.0
180,1,joke,app-94,False,0.0
180,2,joke,app-94,False,0.0
180,3,joke,app-94,False,0.0
180,1,joke,app-95,True,0.0
180,2,joke,app-95,True,0.0
180,3,joke,app-95,True,0.0
180,1,joke,app-96,True,0.0
180,2,joke,app-96,True,0.0
180,3,joke,app-96,True,0.0
180,1,joke,app-97,False,0.0
180,2,joke,app-97,False,0.0
180,3,joke,app-97,False,0.0
180,1,joke,app-98,False,0.0
180,2,joke,app-98,False,0.0
180,3,joke,app-98,False,0.0
180,1,joke,app-99,False,0.0
180,2,joke,app-99,False,0.0
180,3,joke,app-99,False,0.0
180,1,monkey,app-1,True,4.415
180,2,monkey,app-1,True,3.4450000000000003
180,3,monkey,app-1,True,4.115
180,1,monkey,app-10,False,37.39
180,2,monkey,app-10,False,37.84
180,3,monkey,app-10,False,36.49
180,1,monkey,app-100,True,12.855
180,2,monkey,app-100,True,14.11
180,3,monkey,app-100,True,18.46
180,1,monkey,app-101,True,8.695
180,2,monkey,app-101,True,6.52
180,3,monkey,app-101,True,6.52
180,1,monkey,app-102,False,43.53
180,2,monkey,app-102,False,36.36
180,3,monkey,app-102,False,42.34
180,1,monkey,app-11,True,34.315
180,2,monkey,app-11,True,38.565
180,3,monkey,app-11,True,22.22
180,1,monkey,app-12,True,15.379999999999999
180,2,monkey,app-12,True,15.379999999999999
180,3,monkey,app-12,True,15.379999999999999
180,1,monkey,app-13,True,40.790000000000006
180,2,monkey,app-13,True,36.23
180,3,monkey,app-13,True,36.23
180,1,monkey,app-14,True,0.0
180,2,monkey,app-14,True,0.0
180,3,monkey,app-14,False,0.0
180,1,monkey,app-15,True,46.105
180,2,monkey,app-15,True,45.455
180,3,monkey,app-15,False,48.05
180,1,monkey,app-16,True,0.0
180,2,monkey,app-16,True,0.0
180,3,monkey,app-16,True,0.0
180,1,monkey,app-17,True,0.0
180,2,monkey,app-17,True,0.0
180,3,monkey,app-17,True,0.0
180,1,monkey,app-18,True,37.025000000000006
180,2,monkey,app-18,True,28.794999999999995
180,3,monkey,app-18,True,36.394999999999996
180,1,monkey,app-19,True,20.384999999999998
180,2,monkey,app-19,True,26.535
180,3,monkey,app-19,True,21.73
180,1,monkey,app-2,True,26.25
180,2,monkey,app-2,False,32.5
180,3,monkey,app-2,False,32.5
180,1,monkey,app-20,True,40.775000000000006
180,2,monkey,app-20,True,47.025000000000006
180,3,monkey,app-20,True,47.025000000000006
180,1,monkey,app-21,True,28.855
180,2,monkey,app-21,True,19.049999999999997
180,3,monkey,app-21,True,38.795
180,1,monkey,app-22,False,27.005
180,2,monkey,app-22,False,23.71
180,3,monkey,app-22,False,24.155
180,1,monkey,app-23,True,0.0
180,2,monkey,app-23,True,0.0
180,3,monkey,app-23,True,0.0
180,1,monkey,app-24,True,52.175
180,2,monkey,app-24,True,32.61
180,3,monkey,app-24,True,50.0
180,1,monkey,app-26,True,36.03
180,2,monkey,app-26,True,41.06999999999999
180,3,monkey,app-26,True,44.445
180,1,monkey,app-27,True,42.790000000000006
180,2,monkey,app-27,True,46.400000000000006
180,3,monkey,app-27,True,42.79
180,1,monkey,app-28,True,44.165
180,2,monkey,app-28,True,38.870000000000005
180,3,monkey,app-28,True,44.14
180,1,monkey,app-29,True,18.02
180,2,monkey,app-29,True,14.715000000000002
180,3,monkey,app-29,True,3.355
180,1,monkey,app-3,True,18.575
180,2,monkey,app-3,True,19.855
180,3,monkey,app-3,True,19.715
180,1,monkey,app-30,True,47.06
180,2,monkey,app-30,False,45.59
180,3,monkey,app-30,True,48.53
180,1,monkey,app-31,False,23.130000000000003
180,2,monkey,app-31,False,25.77
180,3,monkey,app-31,False,24.669999999999998
180,1,monkey,app-33,True,52.574999999999996
180,2,monkey,app-33,True,51.545
180,3,monkey,app-33,False,53.605000000000004
180,1,monkey,app-34,True,42.86
180,2,monkey,app-34,True,41.005
180,3,monkey,app-34,True,41.45
180,1,monkey,app-35,False,52.83
180,2,monkey,app-35,False,56.10499999999999
180,3,monkey,app-35,False,52.83
180,1,monkey,app-37,False,24.939999999999998
180,2,monkey,app-37,False,23.75
180,3,monkey,app-37,False,19.83
180,1,monkey,app-38,False,0.0
180,2,monkey,app-38,False,0.0
180,3,monkey,app-38,False,0.0
180,1,monkey,app-39,False,0.33999999999999997
180,2,monkey,app-39,False,0.33999999999999997
180,3,monkey,app-39,False,0.33999999999999997
180,1,monkey,app-4,False,47.725
180,2,monkey,app-4,False,45.45
180,3,monkey,app-4,False,45.45
180,1,monkey,app-40,True,14.31
180,2,monkey,app-40,False,12.575
180,3,monkey,app-40,False,15.485
180,1,monkey,app-42,True,10.219999999999999
180,2,monkey,app-42,True,10.649999999999999
180,3,monkey,app-42,True,10.649999999999999
180,1,monkey,app-43,True,26.145
180,2,monkey,app-43,True,21.75
180,3,monkey,app-43,True,24.08
180,1,monkey,app-44,False,0.0
180,2,monkey,app-44,False,0.0
180,3,monkey,app-44,False,0.0
180,1,monkey,app-45,True,23.35
180,2,monkey,app-45,True,18.560000000000002
180,3,monkey,app-45,True,23.35
180,1,monkey,app-46,True,27.52
180,2,monkey,app-46,True,23.805
180,3,monkey,app-46,True,33.95
180,1,monkey,app-47,False,30.895000000000003
180,2,monkey,app-47,False,38.06
180,3,monkey,app-47,False,24.625
180,1,monkey,app-48,False,0.0
180,2,monkey,app-48,False,0.0
180,3,monkey,app-48,False,0.0
180,1,monkey,app-49,True,41.665000000000006
180,2,monkey,app-49,True,40.150000000000006
180,3,monkey,app-49,True,40.150000000000006
180,1,monkey,app-5,True,42.44500000000001
180,2,monkey,app-5,False,40.66
180,3,monkey,app-5,False,40.385000000000005
180,1,monkey,app-50,True,10.125
180,2,monkey,app-50,True,9.765
180,3,monkey,app-50,True,10.129999999999999
180,1,monkey,app-51,True,30.195
180,2,monkey,app-51,True,27.15
180,3,monkey,app-51,True,16.74
180,1,monkey,app-52,True,4.95
180,2,monkey,app-52,True,4.8100000000000005
180,3,monkey,app-52,True,4.95
180,1,monkey,app-53,True,14.169999999999998
180,2,monkey,app-53,True,14.559999999999999
180,3,monkey,app-53,True,15.015
180,1,monkey,app-54,True,8.26
180,2,monkey,app-54,True,7.510000000000001
180,3,monkey,app-54,True,7.21
180,1,monkey,app-55,True,5.795
180,2,monkey,app-55,True,6.305
180,3,monkey,app-55,True,5.38
180,1,monkey,app-56,False,22.58
180,2,monkey,app-56,False,20.560000000000002
180,3,monkey,app-56,False,21.950000000000003
180,1,monkey,app-57,True,1.17
180,2,monkey,app-57,True,0.9149999999999999
180,3,monkey,app-57,True,1.245
180,1,monkey,app-58,True,34.62
180,2,monkey,app-58,True,38.464999999999996
180,3,monkey,app-58,True,32.69499999999999
180,1,monkey,app-59,True,31.57
180,2,monkey,app-59,True,28.490000000000002
180,3,monkey,app-59,True,29.32
180,1,monkey,app-6,True,16.695
180,2,monkey,app-6,True,18.09
180,3,monkey,app-6,True,29.05
180,1,monkey,app-60,True,68.475
180,2,monkey,app-60,True,72.825
180,3,monkey,app-60,True,63.045
180,1,monkey,app-61,True,0.0
180,2,monkey,app-61,True,0.0
180,3,monkey,app-61,True,0.0
180,1,monkey,app-62,True,16.990000000000002
180,2,monkey,app-62,True,14.670000000000002
180,3,monkey,app-62,True,15.98
180,1,monkey,app-63,False,33.785
180,2,monkey,app-63,False,37.385
180,3,monkey,app-63,False,33.33
180,1,monkey,app-64,True,100.0
180,2,monkey,app-64,True,100.0
180,3,monkey,app-64,True,100.0
180,1,monkey,app-65,False,7.46
180,2,monkey,app-65,False,7.46
180,3,monkey,app-65,False,7.46
180,1,monkey,app-66,True,15.74
180,2,monkey,app-66,True,21.229999999999997
180,3,monkey,app-66,True,17.78
180,1,monkey,app-67,True,0.0
180,2,monkey,app-67,True,0.0
180,3,monkey,app-67,True,0.0
180,1,monkey,app-68,False,12.5
180,2,monkey,app-68,False,14.845
180,3,monkey,app-68,False,7.81
180,1,monkey,app-69,True,15.559999999999999
180,2,monkey,app-69,True,15.98
180,3,monkey,app-69,False,15.81
180,1,monkey,app-7,False,37.195
180,2,monkey,app-7,False,37.805
180,3,monkey,app-7,False,37.195
180,1,monkey,app-70,True,21.665000000000003
180,2,monkey,app-70,False,32.69499999999999
180,3,monkey,app-70,True,32.425
180,1,monkey,app-71,True,27.884999999999998
180,2,monkey,app-71,True,35.575
180,3,monkey,app-71,True,26.924999999999997
180,1,monkey,app-72,True,9.385
180,2,monkey,app-72,False,6.87
180,3,monkey,app-72,False,5.725
180,1,monkey,app-73,False,45.45
180,2,monkey,app-73,False,43.18000000000001
180,3,monkey,app-73,False,43.18000000000001
180,1,monkey,app-74,True,0.0
180,2,monkey,app-74,True,0.0
180,3,monkey,app-74,True,0.0
180,1,monkey,app-75,False,30.919999999999998
180,2,monkey,app-75,False,27.875
180,3,monkey,app-75,False,29.965
180,1,monkey,app-76,True,23.12
180,2,monkey,app-76,True,23.32
180,3,monkey,app-76,True,20.16
180,1,monkey,app-77,True,6.605
180,2,monkey,app-77,True,6.87
180,3,monkey,app-77,True,6.075
180,1,monkey,app-78,True,15.190000000000001
180,2,monkey,app-78,True,16.455000000000002
180,3,monkey,app-78,True,16.034999999999997
180,1,monkey,app-79,False,14.395
180,2,monkey,app-79,False,6.925
180,3,monkey,app-79,False,2.3099999999999996
180,1,monkey,app-8,False,41.644999999999996
180,2,monkey,app-8,False,47.255
180,3,monkey,app-8,False,44.269999999999996
180,1,monkey,app-80,True,41.385
180,2,monkey,app-80,True,43.3
180,3,monkey,app-80,True,45.055
180,1,monkey,app-81,False,20.29
180,2,monkey,app-81,False,24.035000000000004
180,3,monkey,app-81,False,19.32
180,1,monkey,app-82,True,7.540000000000001
180,2,monkey,app-82,True,8.204999999999998
180,3,monkey,app-82,True,9.525
180,1,monkey,app-83,True,11.110000000000001
180,2,monkey,app-83,True,11.110000000000001
180,3,monkey,app-83,True,11.110000000000001
180,1,monkey,app-84,True,61.455
180,2,monkey,app-84,True,59.375
180,3,monkey,app-84,True,60.06999999999999
180,1,monkey,app-85,True,20.13
180,2,monkey,app-85,True,20.34
180,3,monkey,app-85,True,19.915
180,1,monkey,app-86,True,10.225000000000001
180,2,monkey,app-86,False,7.99
180,3,monkey,app-86,False,12.46
180,1,monkey,app-87,True,27.27
180,2,monkey,app-87,True,27.27
180,3,monkey,app-87,True,26.814999999999998
180,1,monkey,app-89,False,20.41
180,2,monkey,app-89,False,20.41
180,3,monkey,app-89,False,20.41
180,1,monkey,app-9,True,0.0
180,2,monkey,app-9,True,0.0
180,3,monkey,app-9,True,0.0
180,1,monkey,app-90,True,7.175
180,2,monkey,app-90,True,7.635
180,3,monkey,app-90,True,12.93
180,1,monkey,app-91,True,20.805
180,2,monkey,app-91,True,26.700000000000003
180,3,monkey,app-91,True,15.285
180,1,monkey,app-92,True,40.045
180,2,monkey,app-92,True,40.38
180,3,monkey,app-92,True,40.045
180,1,monkey,app-94,False,26.17
180,2,monkey,app-94,False,28.325000000000003
180,3,monkey,app-94,False,27.685000000000002
180,1,monkey,app-95,True,25.0
180,2,monkey,app-95,True,25.0
180,3,monkey,app-95,True,25.0
180,1,monkey,app-96,True,53.72
180,2,monkey,app-96,True,52.125
180,3,monkey,app-96,True,52.125
180,1,monkey,app-97,True,4.824999999999999
180,2,monkey,app-97,True,3.0650000000000004
180,3,monkey,app-97,True,3.58
180,1,monkey,app-98,True,63.035
180,2,monkey,app-98,True,61.665000000000006
180,3,monkey,app-98,True,59.425
180,1,monkey,app-99,False,45.879999999999995
180,2,monkey,app-99,False,43.53
180,3,monkey,app-99,False,42.355
